{"fire": [{"X": 6, "Y": 12, "Z": 88, "Datum": "29.384548"}, {"X": 6, "Y": 12, "Z": 89, "Datum": "23.183514"}, {"X": 7, "Y": 12, "Z": 89, "Datum": "19.81835"}, {"X": 7, "Y": 13, "Z": 89, "Datum": "21.213448"}], "smoke": []}